Text,Label
in recognition of the extraordinary services he has rendered by the discovery of the remarkable rays subsequently named after him,physics
for his work on serum therapy especially its application against diphtheria by which he has opened a new road in the domain of medical science and thereby placed in the hands of the physician a victorious weapon against illness and deaths,medicine
for his humanitarian efforts to help wounded soldiers and create international understanding,peace
for his lifelong work for international peace conferences diplomacy and arbitration,peace
in special recognition of his poetic composition which gives evidence of lofty idealism artistic perfection and a rare combination of the qualities of both heart and intellect,literature
in recognition of the extraordinary services he has rendered by the discovery of the laws of chemical dynamics and osmotic pressure in solutions,chemistry
in recognition of the extraordinary services he has rendered by his work on sugar and purine syntheses,chemistry
the greatest living master of the art of historical writing with special reference to his monumental work ia history of romei,literature
for his eminently practical administration of the interparliamentary union,peace
for his untiring and skilful directorship of the bern peace bureau,peace
in recognition of the extraordinary service they rendered by their researches into the influence of magnetism upon radiation phenomena,physics
for his work on malaria by which he has shown how it enters the organism and thereby has laid the foundation for successful research on this disease and methods of combating it,medicine
in recognition of the extraordinary service they rendered by their researches into the influence of magnetism upon radiation phenomena,physics
in recognition of the extraordinary services they have rendered by their joint researches on the radiation phenomena discovered by professor henri becquerel,physics
for his longstanding and devoted effort in favour of the ideas of peace and arbitration,peace
in recognition of the extraordinary services he has rendered by his discovery of spontaneous radioactivity,physics
in recognition of the extraordinary services they have rendered by their joint researches on the radiation phenomena discovered by professor henri becquerel,physics
in recognition of her services to the advancement of chemistry by the discovery of the elements radium and polonium by the isolation of radium and the study of the nature and compounds of this remarkable element,chemistry
in recognition of his contribution to the treatment of diseases especially lupus vulgaris with concentrated light radiation whereby he has opened a new avenue for medical science,medicine
as a tribute to his noble magnificent and versatile poetry which has always been distinguished by both the freshness of its inspiration and the rare purity of its spirit,literature
in recognition of the extraordinary services he has rendered to the advancement of chemistry by his electrolytic theory of dissociation,chemistry
in recognition of the numerous and brilliant compositions which in an individual and original manner have revived the great traditions of the spanish drama,literature
for his investigations of the densities of the most important gases and for his discovery of argon in connection with these studies,physics
for its striving in public law to develop peaceful ties between nations and to make the laws of war more humane,peace
in recognition of his services in the discovery of the inert gaseous elements in air and his determination of their place in the periodic system,chemistry
in recognition of his work on the physiology of digestion through which knowledge on vital aspects of the subject has been transformed and enlarged,medicine
in recognition of the fresh originality and true inspiration of his poetic production which faithfully reflects the natural scenery and native spirit of his people and in addition his significant work as a provenccedilal philologist,literature
in recognition of his services in the advancement of organic chemistry and the chemical industry through his work on organic dyes and hydroaromatic compounds,chemistry
because of his outstanding merits as an epic writer,literature
for his work on cathode rays,physics
for her audacity to oppose the horrors of war,peace
for his investigations and discoveries in relation to tuberculosis,medicine
not only in consideration of his deep learning and critical research but above all as a tribute to the creative energy freshness of style and lyrical force which characterize his poetic masterpieces,literature
for his role in bringing to an end the bloody war recently waged between two of the worlds great powers japan and russia,peace
in recognition of the great merits of his theoretical and experimental investigations on the conduction of electricity by gases,physics
in recognition of their work on the structure of the nervous system,medicine
in recognition of the great services rendered by him in his investigation and isolation of the element fluorine and for the adoption in the service of science of the electric furnace called after him,chemistry
in recognition of their work on the structure of the nervous system,medicine
in recognition of his work on the role played by protozoa in causing diseases,medicine
for his biochemical researches and his discovery of cellfree fermentation,chemistry
in consideration of the power of observation originality of imagination virility of ideas and remarkable talent for narration which characterize the creations of this worldfamous author,literature
for his decisive influence upon the conduct and outcome of the hague and geneva conferences,peace
for his work in the press and in peace meetings both public and private for an understanding between france and italy,peace
for his optical precision instruments and the spectroscopic and metrological investigations carried out with their aid,physics
for his investigations into the disintegration of the elements and the chemistry of radioactive substances,chemistry
in recognition of his earnest search for truth his penetrating power of thought his wide range of vision and the warmth and strength in presentation with which in his numerous works he has vindicated and developed an idealistic philosophy of life,literature
for their long time work for the cause of peace as politicians peace society leaders orators and authors,peace
in recognition of their work on immunity,medicine
in recognition of their work on immunity,medicine
for their long time work for the cause of peace as politicians peace society leaders orators and authors,peace
for his method of reproducing colours photographically based on the phenomenon of interference,physics
in recognition of their contributions to the development of wireless telegraphy,physics
for his work on the physiology pathology and surgery of the thyroid gland,medicine
in appreciation of the lofty idealism vivid imagination and spiritual perception that characterize her writings,literature
in recognition of his work on catalysis and for his investigations into the fundamental principles governing chemical equilibria and rates of reaction,chemistry
in recognition of their contributions to the development of wireless telegraphy,physics
for their prominent position in the international movement for peace and arbitration,peace
for their prominent position in the international movement for peace and arbitration,peace
as a tribute to the consummate artistry permeated with idealism which he has demonstrated during his long productive career as a lyric poet dramatist novelist and writer of worldrenowned short stories,literature
for acting as a link between the peace societies of the various countries and helping them to organize the world rallies of the international peace movement,peace
for his work on the equation of state for gases and liquids,physics
in recognition of the contributions to our knowledge of cell chemistry made through his work on proteins including the nucleic substances,medicine
in recognition of his services to organic chemistry and the chemical industry by his pioneer work in the field of alicyclic compounds,chemistry
for his effort to expose and fight what he considers to be the main cause of war namely the anarchy in international relations,peace
for his role as cofounder of the institut de droit international initiator of the conferences on international private law conférences de droit international privé at the hague and pioneer in the field of international legal relations,peace
in recognition of the extraordinary services they have rendered by their joint researches on the radiation phenomena discovered by professor henri becquerel,physics
in recognition of her services to the advancement of chemistry by the discovery of the elements radium and polonium by the isolation of radium and the study of the nature and compounds of this remarkable element,chemistry
for his discoveries regarding the laws governing the radiation of heat,physics
in appreciation of his manysided literary activities and especially of his dramatic works which are distinguished by a wealth of imagination and by a poetic fancy which reveals sometimes in the guise of a fairy tale a deep inspiration while in a mysterious way they appeal to the readers own feelings and stimulate their imaginations,literature
for his work on the dioptrics of the eye,medicine
primarily in recognition of his fruitful varied and outstanding production in the realm of dramatic art,literature
in recognition of his work on vascular suture and the transplantation of blood vessels and organs,medicine
for his method of hydrogenating organic compounds in the presence of finely disintegrated metals whereby the progress of organic chemistry has been greatly advanced in recent years,chemistry
for the discovery of the socalled grignard reagent which in recent years has greatly advanced the progress of organic chemistry,chemistry
for his invention of automatic regulators for use in conjunction with gas accumulators for illuminating lighthouses and buoys,physics
for bringing about better understanding between the countries of north and south america and initiating important arbitration agreements between the united states and other countries,peace
in recognition of his work on anaphylaxis,medicine
in recognition of his work on the linkage of atoms in molecules by which he has thrown new light on earlier investigations and opened up new fields of research especially in inorganic chemistry,chemistry
for his unparalleled contribution to the organization of peaceful internationalism,peace
because of his profoundly sensitive fresh and beautiful verse by which with consummate skill he has made his poetic thought expressed in his own english words a part of the literature of the west,literature
for his investigations on the properties of matter at low temperatures which led inter alia to the production of liquid helium,physics
for his discovery of the diffraction of xrays by crystals,physics
for his work on the physiology and pathology of the vestibular apparatus,medicine
in recognition of his accurate determinations of the atomic weight of a large number of chemical elements,chemistry
for their services in the analysis of crystal structure by means of xrays,physics
for their services in the analysis of crystal structure by means of xrays,physics
for his researches on plant pigments especially chlorophyll,chemistry
as a tribute to the lofty idealism of his literary production and to the sympathy and love of truth with which he has described different types of human beings,literature
in recognition of his significance as the leading representative of a new era in our literature,literature
for the efforts to take care of wounded soldiers and prisoners of war and their families,peace
for the great work it has performed during the war on behalf of humanity,peace
for promoting the principles of the geneva convention and cooperation with the un,peace
for his discovery of the characteristic roumlntgen radiation of the elements,physics
for his varied and rich poetry which is inspired by lofty ideals,literature
for his authentic descriptions of presentday life in denmark,literature
in recognition of the services he rendered to the advancement of physics by his discovery of energy quanta,physics
for the synthesis of ammonia from its elements,chemistry
for his role as founder of the league of nations,peace
for his discoveries relating to immunity,medicine
for his discovery of the doppler effect in canal rays and the splitting of spectral lines in electric fields,physics
in special appreciation of his epic iolympian springi,literature
in recognition of the service he has rendered to precision measurements in physics by his discovery of anomalies in nickel steel alloys,physics
in recognition of his work in thermochemistry,chemistry
for his discovery of the capillary motor regulating mechanism,medicine
for his longstanding contribution to the cause of peace and justice and his prominent role in the establishment of the league of nations,peace
for his monumental work igrowth of the soili,literature
in recognition of his brilliant literary achievements characterized as they are by a nobility of style a profound human sympathy grace and a true gallic temperament,literature
for their lifelong contributions to the cause of peace and organized internationalism,peace
for his services to theoretical physics and especially for his discovery of the law of the photoelectric effect,physics
for his contributions to our knowledge of the chemistry of radioactive substances and his investigations into the origin and nature of isotopes,chemistry
for their lifelong contributions to the cause of peace and organized internationalism,peace
for his services in the investigation of the structure of atoms and of the radiation emanating from them,physics
for his leading role in the repatriation of prisoners of war in international relief work and as the league of nations high commissioner for refugees,peace
for his discovery by means of his mass spectrograph of isotopes in a large number of nonradioactive elements and for his enunciation of the wholenumber rule,chemistry
for his discovery of the fixed relationship between the consumption of oxygen and the metabolism of lactic acid in the muscle,medicine
for the happy manner in which he has continued the illustrious traditions of the spanish drama,literature
for his discovery relating to the production of heat in the muscle,medicine
for the discovery of insulin,medicine
for the discovery of insulin,medicine
for his work on the elementary charge of electricity and on the photoelectric effect,physics
for his invention of the method of microanalysis of organic substances,chemistry
for his always inspired poetry which in a highly artistic form gives expression to the spirit of a whole nation,literature
for his great national epic ithe peasantsi,literature
for his discovery of the mechanism of the electrocardiogram,medicine
for his discoveries and research in the field of xray spectroscopy,physics
for their discovery of the laws governing the impact of an electron upon an atom,physics
for their discovery of the laws governing the impact of an electron upon an atom,physics
for his crucial role in bringing about the locarno treaty,peace
for his crucial role in bringing about the dawes plan,peace
for his demonstration of the heterogenous nature of colloid solutions and for the methods he used which have since become fundamental in modern colloid chemistry,chemistry
for his work which is marked by both idealism and humanity its stimulating satire often being infused with a singular poetic beauty,literature
for their crucial role in bringing about the locarno treaty,peace
for their crucial role in bringing about the locarno treaty,peace
for her idealistically inspired writings which with plastic clarity picture the life on her native island and with depth and sympathy deal with human problems in general,literature
for his discovery of the spiroptera carcinoma,medicine
for his work on the discontinuous structure of matter and especially for his discovery of sedimentation equilibrium,physics
for his work on disperse systems,chemistry
in recognition of his rich and vitalizing ideas and the brilliant skill with which they have been presented,literature
for their contribution to the emergence in france and germany of a public opinion which favours peaceful international cooperation,peace
for his discovery of the effect named after him,physics
for his method of making the paths of electrically charged particles visible by condensation of vapour,physics
for his discovery of the therapeutic value of malaria inoculation in the treatment of dementia paralytica,medicine
for his investigations of the constitution of the bile acids and related substances,chemistry
for their contribution to the emergence in france and germany of a public opinion which favours peaceful international cooperation,peace
for his work on typhus,medicine
for the services rendered through his research into the constitution of the sterols and their connection with the vitamins,chemistry
for his work on the thermionic phenomenon and especially for the discovery of the law named after him,physics
principally for her powerful descriptions of northern life during the middle ages,literature
for their investigations on the fermentation of sugar and fermentative enzymes,chemistry
for their investigations on the fermentation of sugar and fermentative enzymes,chemistry
for his discovery of the antineuritic vitamin,medicine
for his discovery of the wave nature of electrons,physics
principally for his great novel ibuddenbrooksi which has won steadily increased recognition as one of the classic works of contemporary literature,literature
for his discovery of the growthstimulating vitamins,medicine
for his crucial role in bringing about the briandkellogg pact,peace
for his vigorous and graphic art of description and his ability to create with wit and humour new types of characters,literature
for his discovery of human blood groups,medicine
for his researches into the constitution of haemin and chlorophyll and especially for his synthesis of haemin,chemistry
for promoting christian unity and helping create that new attitude of mind which is necessary if peace between nations is to become reality,peace
for his work on the scattering of light and for the discovery of the effect named after him,physics
for his discovery of the nature and mode of action of the respiratory enzyme,medicine
in recognition of their contributions to the invention and development of chemical high pressure methods,chemistry
in recognition of their contributions to the invention and development of chemical high pressure methods,chemistry
the poetry of erik axel karlfeldt,literature
for their assiduous effort to revive the ideal of peace and to rekindle the spirit of peace in their own nation and in the whole of mankind,peace
for their assiduous effort to revive the ideal of peace and to rekindle the spirit of peace in their own nation and in the whole of mankind,peace
for their discoveries regarding the functions of neurons,medicine
for their discoveries regarding the functions of neurons,medicine
for the creation of quantum mechanics the application of which has inter alia led to the discovery of the allotropic forms of hydrogen,physics
for his distinguished art of narration which takes its highest form in ithe forsyte sagai,literature
for his discoveries and investigations in surface chemistry,chemistry
for the discovery of new productive forms of atomic theory,physics
for the discovery of new productive forms of atomic theory,physics
for having exposed by his pen the illusion of war and presented a convincing plea for international cooperation and peace,peace
for his discoveries concerning the role played by the chromosome in heredity,medicine
for the strict artistry with which he has carried on the classical russian traditions in prose writing,literature
for their discoveries concerning liver therapy in cases of anaemia,medicine
for his discovery of heavy hydrogen,chemistry
for his bold and ingenious revival of dramatic and scenic art,literature
for their discoveries concerning liver therapy in cases of anaemia,medicine
for their discoveries concerning liver therapy in cases of anaemia,medicine
for his untiring struggle and his courageous efforts as chairman of the league of nations disarmament conference 193134,peace
in recognition of their synthesis of new radioactive elements,chemistry
in recognition of their synthesis of new radioactive elements,chemistry
for the discovery of the neutron,physics
for his discovery of the organizer effect in embryonic development,medicine
for his burning love for freedom of thought and expression and his valuable contribution to the cause of peace,peace
for his contributions to our knowledge of molecular structure through his investigations on dipole moments and on the diffraction of xrays and electrons in gases,chemistry
for their discoveries relating to chemical transmission of nerve impulses,medicine
for his discovery of cosmic radiation,physics
for their discoveries relating to chemical transmission of nerve impulses,medicine
for his discovery of the positron,physics
for his role as father of the argentine antiwar pact of 1933 which he also used as a means to mediate peace between paraguay and bolivia in 1935,peace
for the power honesty and deepfelt emotions of his dramatic works which embody an original concept of tragedy,literature
for their experimental discovery of the diffraction of electrons by crystals,physics
for his discoveries in connection with the biological combustion processes with special reference to vitamin c and the catalysis of fumaric acid,medicine
for his investigations on carbohydrates and vitamin c,chemistry
for their experimental discovery of the diffraction of electrons by crystals,physics
for his tireless effort in support of the league of nations disarmament and peace,peace
for the artistic power and truth with which he has depicted human conflict as well as some fundamental aspects of contemporary life in his novelcycle iles thibaulti,literature
for his investigations on carotenoids flavins and vitamins a and b2,chemistry
for his demonstrations of the existence of new radioactive elements produced by neutron irradiation and for his related discovery of nuclear reactions brought about by slow neutrons,physics
for his work on carotenoids and vitamins,chemistry
for the discovery of the role played by the sinus and aortic mechanisms in the regulation of respiration,medicine
for having carried on the work of fridtjof nansen to the benefit of refugees across europe,peace
for her rich and truly epic descriptions of peasant life in china and for her biographical masterpieces,literature
for the discovery of the antibacterial effects of prontosil,medicine
for the invention and development of the cyclotron and for results obtained with it especially with regard to artificial radioactive elements,physics
for his work on polymethylenes and higher terpenes,chemistry
for his work on sex hormones,chemistry
for his deep understanding of his countrys peasantry and the exquisite art with which he has portrayed their way of life and their relationship with nature,literature
for his discovery of vitamin k,medicine
for his discovery of the chemical nature of vitamin k,medicine
for his work on the use of isotopes as tracers in the study of chemical processes,chemistry
for his contribution to the development of the molecular ray method and his discovery of the magnetic moment of the proton,physics
for their discoveries relating to the highly differentiated functions of single nerve fibres,medicine
for the rare strength and fertility of his poetic imagination with which is combined an intellectual curiosity of wide scope and a bold freshly creative style,literature
for their discoveries relating to the highly differentiated functions of single nerve fibres,medicine
for his discovery of the fission of heavy nuclei,chemistry
for the efforts to take care of wounded soldiers and prisoners of war and their families,peace
for the great work it has performed during the war on behalf of humanity,peace
for promoting the principles of the geneva convention and cooperation with the un,peace
for his resonance method for recording the magnetic properties of atomic nuclei,physics
for the discovery of the exclusion principle also called the pauli principle,physics
for her lyric poetry which inspired by powerful emotions has made her name a symbol of the idealistic aspirations of the entire latin american world,literature
for his research and inventions in agricultural and nutrition chemistry especially for his fodder preservation method,chemistry
for his indefatigable work for international understanding and his pivotal role in establishing the united nations,peace
for the discovery of penicillin and its curative effect in various infectious diseases,medicine
for the discovery of penicillin and its curative effect in various infectious diseases,medicine
for the discovery of penicillin and its curative effect in various infectious diseases,medicine
for his contribution to the creation of a peacepromoting religious brotherhood across national boundaries,peace
for the invention of an apparatus to produce extremely high pressures and for the discoveries he made therewith in the field of high pressure physics,physics
for his discovery that enzymes can be crystallized,chemistry
for their preparation of enzymes and virus proteins in a pure form,chemistry
for their preparation of enzymes and virus proteins in a pure form,chemistry
for the discovery of the production of mutations by means of xray irradiation,medicine
for her lifelong work for the cause of peace,peace
for his inspired writings which while growing in boldness and penetration exemplify the classical humanitarian ideals and high qualities of style,literature
for their discovery of the course of the catalytic conversion of glycogen,medicine
for his discovery of the part played by the hormone of the anterior pituitary lobe in the metabolism of sugar,medicine
for his investigations of the physics of the upper atmosphere especially for the discovery of the socalled appleton layer,physics
for his comprehensive and artistically significant writings in which human problems and conditions have been presented with a fearless love of truth and keen psychological insight,literature
for his investigations on plant products of biological importance especially the alkaloids,chemistry
for their pioneering work in the international peace movement and compassionate effort to relieve human suffering thereby promoting the fraternity between nations,peace
for their pioneering work in the international peace movement and compassionate effort to relieve human suffering thereby promoting the fraternity between nations,peace
for their discovery of the course of the catalytic conversion of glycogen,medicine
for his discovery of the high efficiency of ddt as a contact poison against several arthropods,medicine
for his outstanding pioneer contribution to presentday poetry,literature
for his research on electrophoresis and adsorption analysis especially for his discoveries concerning the complex nature of the serum proteins,chemistry
for his development of the wilson cloud chamber method and his discoveries therewith in the fields of nuclear physics and cosmic radiation,physics
for his discovery of the therapeutic value of leucotomy in certain psychoses,medicine
for his contributions in the field of chemical thermodynamics particularly concerning the behaviour of substances at extremely low temperatures,chemistry
for his discovery of the functional organization of the interbrain as a coordinator of the activities of the internal organs,medicine
for his powerful and artistically unique contribution to the modern american novel,literature
for his lifelong effort to conquer hunger and want thereby helping to remove a major cause of military conflict and war,peace
for his prediction of the existence of mesons on the basis of theoretical work on nuclear forces,physics
in recognition of his varied and significant writings in which he champions humanitarian ideals and freedom of thought,literature
for his work as mediator in palestine in 19481949,peace
for their discoveries relating to the hormones of the adrenal cortex their structure and biological effects,medicine
for their discoveries relating to the hormones of the adrenal cortex their structure and biological effects,medicine
for their discoveries relating to the hormones of the adrenal cortex their structure and biological effects,medicine
for their discovery and development of the diene synthesis,chemistry
for his development of the photographic method of studying nuclear processes and his discoveries regarding mesons made with this method,physics
for their discovery and development of the diene synthesis,chemistry
for having devoted his life to the fight against war through the promotion of social justice and brotherhood among men and nations,peace
for the artistic vigour and true independence of mind with which he endeavours in his poetry to find answers to the eternal questions confronting mankind,literature
for their pioneer work on the transmutation of atomic nuclei by artificially accelerated atomic particles,physics
for their pioneer work on the transmutation of atomic nuclei by artificially accelerated atomic particles,physics
for their discoveries in the chemistry of the transuranium elements,chemistry
for his discoveries concerning yellow fever and how to combat it,medicine
for their discoveries in the chemistry of the transuranium elements,chemistry
for their development of new methods for nuclear magnetic precision measurements and discoveries in connection therewith,physics
for their invention of partition chromatography,chemistry
for his altruism reverence for life and tireless humanitarian work which has helped making the idea of brotherhood between men and nations a living one,peace
for his discovery of streptomycin the first antibiotic effective against tuberculosis,medicine
for their invention of partition chromatography,chemistry
for their development of new methods for nuclear magnetic precision measurements and discoveries in connection therewith,physics
for the deep spiritual insight and the artistic intensity with which he has in his novels penetrated the drama of human life,literature
for proposing and supervising the plan for the economic recovery of europe,peace
for his discovery of the citric acid cycle,medicine
for his discovery of coenzyme a and its importance for intermediary metabolism,medicine
for his demonstration of the phase contrast method especially for his invention of the phase contrast microscope,physics
for his discoveries in the field of macromolecular chemistry,chemistry
for his mastery of historical and biographical description as well as for brilliant oratory in defending exalted human values,literature
for their discovery of the ability of poliomyelitis viruses to grow in cultures of various types of tissue,medicine
for their discovery of the ability of poliomyelitis viruses to grow in cultures of various types of tissue,medicine
for their discovery of the ability of poliomyelitis viruses to grow in cultures of various types of tissue,medicine
for his research into the nature of the chemical bond and its application to the elucidation of the structure of complex substances,chemistry
for his fight against the nuclear arms race between east and west,peace
for his fundamental research in quantum mechanics especially for his statistical interpretation of the wavefunction,physics
for the coincidence method and his discoveries made therewith,physics
for his mastery of the art of narrative most recently demonstrated in ithe old man and the seai and for the influence that he has exerted on contemporary style,literature
for its efforts to heal the wounds of war by providing help and protection to refugees all over the world,peace
for promoting the fundamental rights of refugees,peace
for his vivid epic power which has renewed the great narrative art of iceland,literature
for his precision determination of the magnetic moment of the electron,physics
for his discoveries concerning the fine structure of the hydrogen spectrum,physics
for his discoveries concerning the nature and mode of action of oxidation enzymes,medicine
for his work on biochemically important sulphur compounds especially for the first synthesis of a polypeptide hormone,chemistry
for their discoveries concerning heart catheterization and pathological changes in the circulatory system,medicine
for their discoveries concerning heart catheterization and pathological changes in the circulatory system,medicine
for their researches on semiconductors and their discovery of the transistor effect,physics
for their researches into the mechanism of chemical reactions,chemistry
for their researches into the mechanism of chemical reactions,chemistry
for their researches on semiconductors and their discovery of the transistor effect,physics
for their jointly developed theory of superconductivity usually called the bcstheory,physics
for their researches on semiconductors and their discovery of the transistor effect,physics
for their discoveries concerning heart catheterization and pathological changes in the circulatory system,medicine
for his lyrical poetry which in spanish language constitutes an example of high spirit and artistical purity,literature
for their penetrating investigation of the socalled parity laws which has led to important discoveries regarding the elementary particles,physics
for his crucial contribution to the deployment of a united nations emergency force in the wake of the suez crisis,peace
for his work on nucleotides and nucleotide coenzymes,chemistry
for their penetrating investigation of the socalled parity laws which has led to important discoveries regarding the elementary particles,physics
for his important literary production which with clearsighted earnestness illuminates the problems of the human conscience in our times,literature
for his discoveries relating to synthetic compounds that inhibit the action of certain body substances and especially their action on the vascular system and the skeletal muscles,medicine
for his work on the structure of proteins especially that of insulin,chemistry
for their contributions concerning the determination of base sequences in nucleic acids,chemistry
for his efforts to help refugees to leave their camps and return to a life of freedom and dignity,peace
for their discovery that genes act by regulating definite chemical events,medicine
for his discoveries concerning genetic recombination and the organization of the genetic material of bacteria,medicine
for his important achievement both in contemporary lyrical poetry and in the field of the great russian epic tradition,literature
for the discovery and the interpretation of the cherenkov effect,physics
for the discovery and the interpretation of the cherenkov effect,physics
for the discovery and the interpretation of the cherenkov effect,physics
for their discovery that genes act by regulating definite chemical events,medicine
for their discovery of the mechanisms in the biological synthesis of ribonucleic acid and deoxyribonucleic acid,medicine
for his discovery and development of the polarographic methods of analysis,chemistry
for their discovery of the antiproton,physics
for their discovery of the antiproton,physics
for their discovery of the mechanisms in the biological synthesis of ribonucleic acid and deoxyribonucleic acid,medicine
for his longstanding contribution to the cause of disarmament and peace,peace
for his lyrical poetry which with classical fire expresses the tragic experience of life in our own times,literature
for discovery of acquired immunological tolerance,medicine
for the invention of the bubble chamber,physics
for discovery of acquired immunological tolerance,medicine
for the soaring flight and the evocative imagery of his poetry which in a visionary fashion reflects the conditions of our time,literature
for his nonviolent struggle against apartheid,peace
for his method to use carbon14 for age determination in archaeology geology geophysics and other branches of science,chemistry
for his researches concerning the resonance absorption of gamma radiation and his discovery in this connection of the effect which bears his name,physics
for developing the un into an effective and constructive international organization capable of giving life to the principles and aims expressed in the un charter,peace
for his discoveries of the physical mechanism of stimulation within the cochlea,medicine
for the epic force with which he has traced themes and depicted human destinies drawn from the history of his country,literature
for his research on the carbon dioxide assimilation in plants,chemistry
for his pioneering studies of electron scattering in atomic nuclei and for his thereby achieved discoveries concerning the structure of the nucleons,physics
for their discoveries concerning the molecular structure of nucleic acids and its significance for information transfer in living material,medicine
for their discoveries concerning the molecular structure of nucleic acids and its significance for information transfer in living material,medicine
for their discoveries concerning the molecular structure of nucleic acids and its significance for information transfer in living material,medicine
for his research into the nature of the chemical bond and its application to the elucidation of the structure of complex substances,chemistry
for his fight against the nuclear arms race between east and west,peace
for their studies of the structures of globular proteins,chemistry
for their studies of the structures of globular proteins,chemistry
for his pioneering theories for condensed matter especially liquid helium,physics
for his realistic and imaginative writings combining as they do sympathetic humour and keen social perception,literature
for their discoveries concerning the ionic mechanisms involved in excitation and inhibition in the peripheral and central portions of the nerve cell membrane,medicine
for their discoveries concerning the ionic mechanisms involved in excitation and inhibition in the peripheral and central portions of the nerve cell membrane,medicine
for their discoveries concerning the ionic mechanisms involved in excitation and inhibition in the peripheral and central portions of the nerve cell membrane,medicine
for their discoveries concerning nuclear shell structure,physics
for his contributions to the theory of the atomic nucleus and the elementary particles particularly through the discovery and application of fundamental symmetry principles,physics
for the efforts to take care of wounded soldiers and prisoners of war and their families,peace
for the great work it has performed during the war on behalf of humanity,peace
for promoting the principles of the geneva convention and cooperation with the un,peace
for promoting the principles of the geneva convention and cooperation with the un,peace
for his eminent lyrical writing inspired by a deep feeling for the hellenic world of culture,literature
for their discoveries concerning nuclear shell structure,physics
for their discoveries in the field of the chemistry and technology of high polymers,chemistry
for their discoveries in the field of the chemistry and technology of high polymers,chemistry
for fundamental work in the field of quantum electronics which has led to the construction of oscillators and amplifiers based on the maserlaser principle,physics
for his work which rich in ideas and filled with the spirit of freedom and the quest for truth has exerted a farreaching influence on our age,literature
for his nonviolent struggle for civil rights for the afroamerican population,peace
for fundamental work in the field of quantum electronics which has led to the construction of oscillators and amplifiers based on the maserlaser principle,physics
for their discoveries concerning the mechanism and regulation of the cholesterol and fatty acid metabolism,medicine
for fundamental work in the field of quantum electronics which has led to the construction of oscillators and amplifiers based on the maserlaser principle,physics
for their discoveries concerning the mechanism and regulation of the cholesterol and fatty acid metabolism,medicine
for her determinations by xray techniques of the structures of important biochemical substances,chemistry
for his outstanding achievements in the art of organic synthesis,chemistry
for their discoveries concerning genetic control of enzyme and virus synthesis,medicine
for their discoveries concerning genetic control of enzyme and virus synthesis,medicine
for their discoveries concerning genetic control of enzyme and virus synthesis,medicine
for its effort to enhance solidarity between nations and reduce the difference between rich and poor states,peace
for their fundamental work in quantum electrodynamics with deepploughing consequences for the physics of elementary particles,physics
for the artistic power and integrity with which in his epic of the don he has given expression to a historic phase in the life of the russian people,literature
for their fundamental work in quantum electrodynamics with deepploughing consequences for the physics of elementary particles,physics
for their fundamental work in quantum electrodynamics with deepploughing consequences for the physics of elementary particles,physics
for his discoveries concerning hormonal treatment of prostatic cancer,medicine
for his profoundly characteristic narrative art with motifs from the life of the jewish people,literature
for his fundamental work concerning chemical bonds and the electronic structure of molecules by the molecular orbital method,chemistry
for his discovery of tumourinducing viruses,medicine
for her outstanding lyrical and dramatic writing which interprets israels destiny with touching strength,literature
for the discovery and development of optical methods for studying hertzian resonances in atoms,physics
for their discoveries concerning the primary physiological and chemical visual processes in the eye,medicine
for their discoveries concerning the primary physiological and chemical visual processes in the eye,medicine
for their studies of extremely fast chemical reactions effected by disturbing the equilibrium by means of very short pulses of energy,chemistry
for his vivid literary achievement deeprooted in the national traits and traditions of indian peoples of latin america,literature
for their studies of extremely fast chemical reactions effected by disturbing the equilibrium by means of very short pulses of energy,chemistry
for their studies of extremely fast chemical reactions effected by disturbing the equilibrium by means of very short pulses of energy,chemistry
for their discoveries concerning the primary physiological and chemical visual processes in the eye,medicine
for his contributions to the theory of nuclear reactions especially his discoveries concerning the energy production in stars,physics
for their interpretation of the genetic code and its function in protein synthesis,medicine
for their interpretation of the genetic code and its function in protein synthesis,medicine
for the discovery of the reciprocal relations bearing his name which are fundamental for the thermodynamics of irreversible processes,chemistry
for his struggle to ensure the rights of man as stipulated in the un declaration,peace
for their interpretation of the genetic code and its function in protein synthesis,medicine
for his decisive contributions to elementary particle physics in particular the discovery of a large number of resonance states made possible through his development of the technique of using hydrogen bubble chamber and data analysis,physics
for his narrative mastery which with great sensibility expresses the essence of the japanese mind,literature
for their contributions to the development of the concept of conformation and its application in chemistry,chemistry
for his writing which in new forms for the novel and drama in the destitution of modern man acquires its elevation,literature
for having developed and applied dynamic models for the analysis of economic processes,economics
for his contributions and discoveries concerning the classification of elementary particles and their interactions,physics
for having developed and applied dynamic models for the analysis of economic processes,economics
for creating international legislation insuring certain norms for working conditions in every country,peace
for their discoveries concerning the replication mechanism and the genetic structure of viruses,medicine
for their discoveries concerning the replication mechanism and the genetic structure of viruses,medicine
for their discoveries concerning the replication mechanism and the genetic structure of viruses,medicine
for their contributions to the development of the concept of conformation and its application in chemistry,chemistry
for fundamental work and discoveries in magnetohydrodynamics with fruitful applications in different parts of plasma physics,physics
for fundamental work and discoveries concerning antiferromagnetism and ferrimagnetism which have led to important applications in solid state physics,physics
for having given a wellfounded hope the green revolution,peace
for his discovery of sugar nucleotides and their role in the biosynthesis of carbohydrates,chemistry
for the ethical force with which he has pursued the indispensable traditions of russian literature,literature
for the scientific work through which he has developed static and dynamic economic theory and actively contributed to raising the level of analysis in economic science,economics
for their discoveries concerning the humoral transmitters in the nerve terminals and the mechanism for their storage release and inactivation,medicine
for their discoveries concerning the humoral transmitters in the nerve terminals and the mechanism for their storage release and inactivation,medicine
for their discoveries concerning the humoral transmitters in the nerve terminals and the mechanism for their storage release and inactivation,medicine
for paving the way for a meaningful dialogue between east and west,peace
for his invention and development of the holographic method,physics
for his empirically founded interpretation of economic growth which has led to new and deepened insight into the economic and social structure and process of development,economics
for his contributions to the knowledge of electronic structure and geometry of molecules particularly free radicals,chemistry
for his discoveries concerning the mechanisms of the action of hormones,medicine
for a poetry that with the action of an elemental force brings alive a continents destiny and dreams,literature
for his writing which through its combination of a broad perspective on his time and a sensitive skill in characterization has contributed to a renewal of german literature,literature
for their discoveries concerning the chemical structure of antibodies,medicine
for their jointly developed theory of superconductivity usually called the bcstheory,physics
for their contribution to the understanding of the connection between chemical structure and catalytic activity of the active centre of the ribonuclease molecule,chemistry
for his work on ribonuclease especially concerning the connection between the amino acid sequence and the biologically active conformation,chemistry
for their contribution to the understanding of the connection between chemical structure and catalytic activity of the active centre of the ribonuclease molecule,chemistry
for their researches on semiconductors and their discovery of the transistor effect,physics
for their jointly developed theory of superconductivity usually called the bcstheory,physics
for their pioneering contributions to general economic equilibrium theory and welfare theory,economics
for their pioneering contributions to general economic equilibrium theory and welfare theory,economics
for their jointly developed theory of superconductivity usually called the bcstheory,physics
for their discoveries concerning the chemical structure of antibodies,medicine
for his theoretical predictions of the properties of a supercurrent through a tunnel barrier in particular those phenomena which are generally known as the josephson effects,physics
for their pioneering work performed independently on the chemistry of the organometallic so called sandwich compounds,chemistry
for their pioneering work performed independently on the chemistry of the organometallic so called sandwich compounds,chemistry
for jointly having negotiated a cease fire in vietnam in 1973,peace
for the development of the inputoutput method and for its application to important economic problems,economics
for their discoveries concerning organization and elicitation of individual and social behaviour patterns,medicine
for their experimental discoveries regarding tunneling phenomena in semiconductors and superconductors respectively,physics
for their experimental discoveries regarding tunneling phenomena in semiconductors and superconductors respectively,physics
for their discoveries concerning organization and elicitation of individual and social behaviour patterns,medicine
for an epic and psychological narrative art which has introduced a new continent into literature,literature
for jointly having negotiated a cease fire in vietnam in 1973,peace
for their discoveries concerning organization and elicitation of individual and social behaviour patterns,medicine
for his fundamental achievements both theoretical and experimental in the physical chemistry of the macromolecules,chemistry
for a narrative art farseeing in lands and ages in the service of freedom,literature
for their pioneering work in the theory of money and economic fluctuations and for their penetrating analysis of the interdependence of economic social and institutional phenomena,economics
for writings that catch the dewdrop and reflect the cosmos,literature
for their discoveries concerning the structural and functional organization of the cell,medicine
for their pioneering research in radio astrophysics ryle for his observations and inventions in particular of the aperture synthesis technique and hewish for his decisive role in the discovery of pulsars,physics
for their pioneering research in radio astrophysics ryle for his observations and inventions in particular of the aperture synthesis technique and hewish for his decisive role in the discovery of pulsars,physics
for their discoveries concerning the structural and functional organization of the cell,medicine
for his contribution to stabilize conditions in the pacific rim area and for signing the nuclear nonproliferation treaty,peace
for his efforts to secure and develop human rights throughout the world,peace
for their pioneering work in the theory of money and economic fluctuations and for their penetrating analysis of the interdependence of economic social and institutional phenomena,economics
for their discoveries concerning the structural and functional organization of the cell,medicine
for his work on the stereochemistry of enzymecatalyzed reactions,chemistry
for his research into the stereochemistry of organic molecules and reactions,chemistry
for their discoveries concerning the interaction between tumour viruses and the genetic material of the cell,medicine
for the discovery of the connection between collective motion and particle motion in atomic nuclei and the development of the theory of the structure of the atomic nucleus based on this connection,physics
for the discovery of the connection between collective motion and particle motion in atomic nuclei and the development of the theory of the structure of the atomic nucleus based on this connection,physics
for the discovery of the connection between collective motion and particle motion in atomic nuclei and the development of the theory of the structure of the atomic nucleus based on this connection,physics
for their contributions to the theory of optimum allocation of resources,economics
for their contributions to the theory of optimum allocation of resources,economics
for his distinctive poetry which with great artistic sensitivity has interpreted human values under the sign of an outlook on life with no illusions,literature
for their discoveries concerning the interaction between tumour viruses and the genetic material of the cell,medicine
for their discoveries concerning the interaction between tumour viruses and the genetic material of the cell,medicine
for his struggle for human rights in the soviet union for disarmament and cooperation between all nations,peace
for his achievements in the fields of consumption analysis monetary history and theory and for his demonstration of the complexity of stabilization policy,economics
for his studies on the structure of boranes illuminating problems of chemical bonding,chemistry
for the courageous efforts in founding a movement to put an end to the violent conflict in northern ireland,peace
for their pioneering work in the discovery of a heavy elementary particle of a new kind,physics
for their pioneering work in the discovery of a heavy elementary particle of a new kind,physics
for their discoveries concerning new mechanisms for the origin and dissemination of infectious diseases,medicine
for their discoveries concerning new mechanisms for the origin and dissemination of infectious diseases,medicine
for the courageous efforts in founding a movement to put an end to the violent conflict in northern ireland,peace
for the human understanding and subtle analysis of contemporary culture that are combined in his work,literature
for their fundamental theoretical investigations of the electronic structure of magnetic and disordered systems,physics
for their pathbreaking contribution to the theory of international trade and international capital movements,economics
for their pathbreaking contribution to the theory of international trade and international capital movements,economics
for their fundamental theoretical investigations of the electronic structure of magnetic and disordered systems,physics
for their fundamental theoretical investigations of the electronic structure of magnetic and disordered systems,physics
for their discoveries concerning the peptide hormone production of the brain,medicine
for the development of radioimmunoassays of peptide hormones,medicine
for his contributions to nonequilibrium thermodynamics particularly the theory of dissipative structures,chemistry
for their discoveries concerning the peptide hormone production of the brain,medicine
for worldwide respect for human rights,peace
for a creative poetic writing which illuminates mans condition in the cosmos and in presentday society at the same time representing the great renewal of the traditions of spanish poetry between the wars,literature
for jointly having negotiated peace between egypt and israel in 1978,peace
for jointly having negotiated peace between egypt and israel in 1978,peace
for their discovery of cosmic microwave background radiation,physics
for the discovery of restriction enzymes and their application to problems of molecular genetics,medicine
for the discovery of restriction enzymes and their application to problems of molecular genetics,medicine
for the discovery of restriction enzymes and their application to problems of molecular genetics,medicine
for their discovery of cosmic microwave background radiation,physics
for his impassioned narrative art which with roots in a polishjewish cultural tradition brings universal human conditions to life,literature
for his pioneering research into the decisionmaking process within economic organizations,economics
for his basic inventions and discoveries in the area of lowtemperature physics,physics
for his contribution to the understanding of biological energy transfer through the formulation of the chemiosmotic theory,chemistry
for their development of the use of boron and phosphoruscontaining compounds respectively into important reagents in organic synthesis,chemistry
for their pioneering research into economic development research with particular consideration of the problems of developing countries,economics
for their pioneering research into economic development research with particular consideration of the problems of developing countries,economics
for her work for bringing help to suffering humanity,peace
for their development of the use of boron and phosphoruscontaining compounds respectively into important reagents in organic synthesis,chemistry
for their contributions to the theory of the unified weak and electromagnetic interaction between elementary particles including inter alia the prediction of the weak neutral current,physics
for their contributions to the theory of the unified weak and electromagnetic interaction between elementary particles including inter alia the prediction of the weak neutral current,physics
for the development of computer assisted tomography,medicine
for the development of computer assisted tomography,medicine
for his poetry which against the background of greek tradition depicts with sensuous strength and intellectual clearsightedness modern mans struggle for freedom and creativeness,literature
for their contributions to the theory of the unified weak and electromagnetic interaction between elementary particles including inter alia the prediction of the weak neutral current,physics
for his work on the structure of proteins especially that of insulin,chemistry
for their contributions concerning the determination of base sequences in nucleic acids,chemistry
for their discoveries concerning genetically determined structures on the cell surface that regulate immunological reactions,medicine
for their discoveries concerning genetically determined structures on the cell surface that regulate immunological reactions,medicine
for the creation of econometric models and the application to the analysis of economic fluctuations and economic policies,economics
for his fundamental studies of the biochemistry of nucleic acids with particular regard to recombinantdna,chemistry
for being a source of inspiration to repressed people especially in latin america,peace
for their contributions concerning the determination of base sequences in nucleic acids,chemistry
for the discovery of violations of fundamental symmetry principles in the decay of neutral kmesons,physics
for the discovery of violations of fundamental symmetry principles in the decay of neutral kmesons,physics
who with uncompromising clearsightedness voices mans exposed condition in a world of severe conflicts,literature
for their discoveries concerning genetically determined structures on the cell surface that regulate immunological reactions,medicine
for his analysis of financial markets and their relations to expenditure decisions employment production and prices,economics
for writings marked by a broad outlook a wealth of ideas and artistic power,literature
for their discoveries concerning information processing in the visual system,medicine
for their contribution to the development of laser spectroscopy,physics
for its efforts to heal the wounds of war by providing help and protection to refugees all over the world,peace
for promoting the fundamental rights of refugees,peace
for his discoveries concerning the functional specialization of the cerebral hemispheres,medicine
for their theories developed independently concerning the course of chemical reactions,chemistry
for their theories developed independently concerning the course of chemical reactions,chemistry
for their discoveries concerning information processing in the visual system,medicine
for their contribution to the development of laser spectroscopy,physics
for his contribution to the development of highresolution electron spectroscopy,physics
for his seminal studies of industrial structures functioning of markets and causes and effects of public regulation,economics
for their work for disarmament and nuclear and weaponfree zones,peace
for his novels and short stories in which the fantastic and the realistic are combined in a richly composed world of imagination reflecting a continents life and conflicts,literature
for their discoveries concerning prostaglandins and related biologically active substances,medicine
for his development of crystallographic electron microscopy and his structural elucidation of biologically important nucleic acidprotein complexes,chemistry
for their discoveries concerning prostaglandins and related biologically active substances,medicine
for his theory for critical phenomena in connection with phase transitions,physics
for their work for disarmament and nuclear and weaponfree zones,peace
for their discoveries concerning prostaglandins and related biologically active substances,medicine
for nonviolent struggle for free trade unions and human rights in poland,peace
for his work on the mechanisms of electron transfer reactions especially in metal complexes,chemistry
for her discovery of mobile genetic elements,medicine
for having incorporated new analytical methods into economic theory and for his rigorous reformulation of the theory of general equilibrium,economics
for his novels which with the perspicuity of realistic narrative art and the diversity and universality of myth illuminate the human condition in the world of today,literature
for his theoretical and experimental studies of the nuclear reactions of importance in the formation of the chemical elements in the universe,physics
for his theoretical studies of the physical processes of importance to the structure and evolution of the stars,physics
for theories concerning the specificity in development and control of the immune system and the discovery of the principle for production of monoclonal antibodies,medicine
for theories concerning the specificity in development and control of the immune system and the discovery of the principle for production of monoclonal antibodies,medicine
for theories concerning the specificity in development and control of the immune system and the discovery of the principle for production of monoclonal antibodies,medicine
for his poetry which endowed with freshness sensuality and rich inventiveness provides a liberating image of the indomitable spirit and versatility of man,literature
for his role as a unifying leader figure in the nonviolent campaign to resolve the problem of apartheid in south africa,peace
for his development of methodology for chemical synthesis on a solid matrix,chemistry
for their decisive contributions to the large project which led to the discovery of the field particles w and z communicators of weak interaction,physics
for their decisive contributions to the large project which led to the discovery of the field particles w and z communicators of weak interaction,physics
for having made fundamental contributions to the development of systems of national accounts and hence greatly improved the basis for empirical economic analysis,economics
for spreading authoritative information and by creating awareness of the catastrophic consequences of nuclear war,peace
for the discovery of the quantized hall effect,physics
for their discoveries concerning the regulation of cholesterol metabolism,medicine
for their discoveries concerning the regulation of cholesterol metabolism,medicine
for their outstanding achievements in the development of direct methods for the determination of crystal structures,chemistry
for their outstanding achievements in the development of direct methods for the determination of crystal structures,chemistry
who in his novel combines the poets and the painters creativeness with a deepened awareness of time in the depiction of the human condition,literature
for his pioneering analyses of saving and of financial markets,economics
for their contributions concerning the dynamics of chemical elementary processes,chemistry
for their contributions concerning the dynamics of chemical elementary processes,chemistry
for their design of the scanning tunneling microscope,physics
for their design of the scanning tunneling microscope,physics
for his fundamental work in electron optics and for the design of the first electron microscope,physics
for their contributions concerning the dynamics of chemical elementary processes,chemistry
for their discoveries of growth factors,medicine
for their discoveries of growth factors,medicine
for being a messenger to mankind his message is one of peace atonement and dignity,peace
who in a wide cultural perspective and with poetic overtones fashions the drama of existence,literature
for his development of the contractual and constitutional bases for the theory of economic and political decisionmaking,economics
for their development and use of molecules with structurespecific interactions of high selectivity,chemistry
for an allembracing authorship imbued with clarity of thought and poetic intensity,literature
for their important breakthrough in the discovery of superconductivity in ceramic materials,physics
for their development and use of molecules with structurespecific interactions of high selectivity,chemistry
for their important breakthrough in the discovery of superconductivity in ceramic materials,physics
for his discovery of the genetic principle for generation of antibody diversity,medicine
for his contributions to the theory of economic growth,economics
for his work for lasting peace in central america,peace
for their development and use of molecules with structurespecific interactions of high selectivity,chemistry
for preventing armed clashes and creating conditions for negotiations,peace
for the neutrino beam method and the demonstration of the doublet structure of the leptons through the discovery of the muon neutrino,physics
for the neutrino beam method and the demonstration of the doublet structure of the leptons through the discovery of the muon neutrino,physics
for the neutrino beam method and the demonstration of the doublet structure of the leptons through the discovery of the muon neutrino,physics
for their discoveries of important principles for drug treatment,medicine
for the determination of the threedimensional structure of a photosynthetic reaction centre,chemistry
for the determination of the threedimensional structure of a photosynthetic reaction centre,chemistry
for the determination of the threedimensional structure of a photosynthetic reaction centre,chemistry
who through works rich in nuance now clearsightedly realistic now evocatively ambiguous has formed an arabian narrative art that applies to all mankind,literature
for their discoveries of important principles for drug treatment,medicine
for their discoveries of important principles for drug treatment,medicine
for his pioneering contributions to the theory of markets and efficient utilization of resources,economics
for their discovery of catalytic properties of rna,chemistry
for their discovery of catalytic properties of rna,chemistry
for the development of the ion trap technique,physics
for the invention of the separated oscillatory fields method and its use in the hydrogen maser and other atomic clocks,physics
for their discovery of the cellular origin of retroviral oncogenes,medicine
for the development of the ion trap technique,physics
for his clarification of the probability theory foundations of econometrics and his analyses of simultaneous economic structures,economics
for a rich and intensive prose which with restrained compassion forms a challenging vision of mans vulnerability,literature
for advocating peaceful solutions based upon tolerance and mutual respect in order to preserve the historical and cultural heritage of his people,peace
for their discovery of the cellular origin of retroviral oncogenes,medicine
for impassioned writing with wide horizons characterized by sensuous intelligence and humanistic integrity,literature
for their pioneering investigations concerning deep inelastic scattering of electrons on protons and bound neutrons which have been of essential importance for the development of the quark model in particle physics,physics
for their pioneering investigations concerning deep inelastic scattering of electrons on protons and bound neutrons which have been of essential importance for the development of the quark model in particle physics,physics
for their pioneering investigations concerning deep inelastic scattering of electrons on protons and bound neutrons which have been of essential importance for the development of the quark model in particle physics,physics
for their pioneering work in the theory of financial economics,economics
for their pioneering work in the theory of financial economics,economics
for their discoveries concerning organ and cell transplantation in the treatment of human disease,medicine
for the leading role he played in the radical changes in eastwest relations,peace
for their discoveries concerning organ and cell transplantation in the treatment of human disease,medicine
for their pioneering work in the theory of financial economics,economics
for his development of the theory and methodology of organic synthesis,chemistry
for his discovery and clarification of the significance of transaction costs and property rights for the institutional structure and functioning of the economy,economics
who through her magnificent epic writing has in the words of alfred nobel been of very great benefit to humanity,literature
for their discoveries concerning the function of single ion channels in cells,medicine
for discovering that methods developed for studying order phenomena in simple systems can be generalized to more complex forms of matter in particular to liquid crystals and polymers,physics
for her nonviolent struggle for democracy and human rights,peace
for their discoveries concerning the function of single ion channels in cells,medicine
for his contributions to the development of the methodology of high resolution nuclear magnetic resonance nmr spectroscopy,chemistry
for a poetic oeuvre of great luminosity sustained by a historical vision the outcome of a multicultural commitment,literature
for their discoveries concerning reversible protein phosphorylation as a biological regulatory mechanism,medicine
for his contributions to the theory of electron transfer reactions in chemical systems,chemistry
for having extended the domain of microeconomic analysis to a wide range of human behaviour and interaction including nonmarket behaviour,economics
for her struggle for social justice and ethnocultural reconciliation based on respect for the rights of indigenous peoples,peace
for his invention and development of particle detectors in particular the multiwire proportional chamber,physics
for their discoveries concerning reversible protein phosphorylation as a biological regulatory mechanism,medicine
for the discovery of a new type of pulsar a discovery that has opened up new possibilities for the study of gravitation,physics
for the discovery of a new type of pulsar a discovery that has opened up new possibilities for the study of gravitation,physics
who in novels characterized by visionary force and poetic import gives life to an essential aspect of american reality,literature
for having renewed research in economic history by applying economic theory and quantitative methods in order to explain economic and institutional change,economics
for his fundamental contributions to the establishment of oligonucleotidebased sitedirected mutagenesis and its development for protein studies,chemistry
for their discoveries of split genes,medicine
for their discoveries of split genes,medicine
for his invention of the polymerase chain reaction pcr method,chemistry
for their work for the peaceful termination of the apartheid regime and for laying the foundations for a new democratic south africa,peace
for having renewed research in economic history by applying economic theory and quantitative methods in order to explain economic and institutional change,economics
for their work for the peaceful termination of the apartheid regime and for laying the foundations for a new democratic south africa,peace
for their discovery of gproteins and the role of these proteins in signal transduction in cells,medicine
for their discovery of gproteins and the role of these proteins in signal transduction in cells,medicine
for his contribution to carbocation chemistry,chemistry
for the development of neutron spectroscopy,physics
for the development of the neutron diffraction technique,physics
who with poetic force creates an imagined world where life and myth condense to form a disconcerting picture of the human predicament today,literature
for their efforts to create peace in the middle east,peace
for their efforts to create peace in the middle east,peace
for their efforts to create peace in the middle east,peace
for their pioneering analysis of equilibria in the theory of noncooperative games,economics
for their pioneering analysis of equilibria in the theory of noncooperative games,economics
for their pioneering analysis of equilibria in the theory of noncooperative games,economics
for the detection of the neutrino,physics
for their discoveries concerning the genetic control of early embryonic development,medicine
for their work in atmospheric chemistry particularly concerning the formation and decomposition of ozone,chemistry
for their work in atmospheric chemistry particularly concerning the formation and decomposition of ozone,chemistry
for having developed and applied the hypothesis of rational expectations and thereby having transformed macroeconomic analysis and deepened our understanding of economic policy,economics
for works of lyrical beauty and ethical depth which exalt everyday miracles and the living past,literature
for their work in atmospheric chemistry particularly concerning the formation and decomposition of ozone,chemistry
for their discoveries concerning the genetic control of early embryonic development,medicine
for their efforts to diminish the part played by nuclear arms in international politics and in the longer run to eliminate such arms,peace
for their efforts to diminish the part played by nuclear arms in international politics and in the longer run to eliminate such arms,peace
for the discovery of the tau lepton,physics
for their discoveries concerning the genetic control of early embryonic development,medicine
for their discovery of superfluidity in helium3,physics
for their discovery of superfluidity in helium3,physics
for their discovery of superfluidity in helium3,physics
for their discoveries concerning the specificity of the cell mediated immune defence,medicine
for their discoveries concerning the specificity of the cell mediated immune defence,medicine
for their discovery of fullerenes,chemistry
for poetry that with ironic precision allows the historical and biological context to come to light in fragments of human reality,literature
for their work towards a just and peaceful solution to the conflict in east timor,peace
for their work towards a just and peaceful solution to the conflict in east timor,peace
for their discovery of fullerenes,chemistry
for their fundamental contributions to the economic theory of incentives under asymmetric information,economics
for their discovery of fullerenes,chemistry
for their fundamental contributions to the economic theory of incentives under asymmetric information,economics
who emulates the jesters of the middle ages in scourging authority and upholding the dignity of the downtrodden,literature
for their elucidation of the enzymatic mechanism underlying the synthesis of adenosine triphosphate atp,chemistry
for the first discovery of an iontransporting enzyme na k atpase,chemistry
for a new method to determine the value of derivatives,economics
for his discovery of prions a new biological principle of infection,medicine
for development of methods to cool and trap atoms with laser light,physics
for a new method to determine the value of derivatives,economics
for development of methods to cool and trap atoms with laser light,physics
for development of methods to cool and trap atoms with laser light,physics
for their work for the banning and clearing of antipersonnel mines,peace
for their work for the banning and clearing of antipersonnel mines,peace
for their elucidation of the enzymatic mechanism underlying the synthesis of adenosine triphosphate atp,chemistry
for his contributions to welfare economics,economics
for their discovery of a new form of quantum fluid with fractionally charged excitations,physics
who with parables sustained by imagination compassion and irony continually enables us once again to apprehend an elusory reality,literature
for their discovery of a new form of quantum fluid with fractionally charged excitations,physics
for his development of the densityfunctional theory,chemistry
for their discoveries concerning nitric oxide as a signalling molecule in the cardiovascular system,medicine
for their discoveries concerning nitric oxide as a signalling molecule in the cardiovascular system,medicine
for their discoveries concerning nitric oxide as a signalling molecule in the cardiovascular system,medicine
for his development of computational methods in quantum chemistry,chemistry
for their efforts to find a peaceful solution to the conflict in northern ireland,peace
for their efforts to find a peaceful solution to the conflict in northern ireland,peace
for their discovery of a new form of quantum fluid with fractionally charged excitations,physics
whose frolicsome black fables portray the forgotten face of history,literature
for his studies of the transition states of chemical reactions using femtosecond spectroscopy,chemistry
in recognition of the organisations pioneering humanitarian work on several continents,peace
for elucidating the quantum structure of electroweak interactions in physics,physics
for elucidating the quantum structure of electroweak interactions in physics,physics
for his analysis of monetary and fiscal policy under different exchange rate regimes and his analysis of optimum currency areas,economics
for the discovery that proteins have intrinsic signals that govern their transport and localization in the cell,medicine
for the discovery and development of conductive polymers,chemistry
for an œuvre of universal validity bitter insights and linguistic ingenuity which has opened new paths for the chinese novel and drama,literature
for his development of theory and methods for analyzing discrete choice,economics
for his development of theory and methods for analyzing selective samples,economics
for the discovery and development of conductive polymers,chemistry
for the discovery and development of conductive polymers,chemistry
for their discoveries concerning signal transduction in the nervous system,medicine
for developing semiconductor heterostructures used in highspeed and optoelectronics,physics
for developing semiconductor heterostructures used in highspeed and optoelectronics,physics
for his work for democracy and human rights in south korea and in east asia in general and for peace and reconciliation with north korea in particular,peace
for their discoveries concerning signal transduction in the nervous system,medicine
for their discoveries concerning signal transduction in the nervous system,medicine
for his part in the invention of the integrated circuit,physics
for their analyses of markets with asymmetric information,economics
for their work for a better organized and more peaceful world,peace
for their work for a better organized and more peaceful world,peace
for having united perceptive narrative and incorruptible scrutiny in works that compel us to see the presence of suppressed histories,literature
for their analyses of markets with asymmetric information,economics
for their analyses of markets with asymmetric information,economics
for his work on chirally catalysed oxidation reactions,chemistry
for the development of click chemistry and bioorthogonal chemistry,chemistry
for their work on chirally catalysed hydrogenation reactions,chemistry
for their work on chirally catalysed hydrogenation reactions,chemistry
for the achievement of boseeinstein condensation in dilute gases of alkali atoms and for early fundamental studies of the properties of the condensates,physics
for the achievement of boseeinstein condensation in dilute gases of alkali atoms and for early fundamental studies of the properties of the condensates,physics
for the achievement of boseeinstein condensation in dilute gases of alkali atoms and for early fundamental studies of the properties of the condensates,physics
for their discoveries of key regulators of the cell cycle,medicine
for their discoveries of key regulators of the cell cycle,medicine
for their discoveries of key regulators of the cell cycle,medicine
for his decades of untiring effort to find peaceful solutions to international conflicts to advance democracy and human rights and to promote economic and social development,peace
for writing that upholds the fragile experience of the individual against the barbaric arbitrariness of history,literature
for having integrated insights from psychological research into economic science especially concerning human judgment and decisionmaking under uncertainty,economics
for his development of nuclear magnetic resonance spectroscopy for determining the threedimensional structure of biological macromolecules in solution,chemistry
for their development of soft desorption ionisation methods for mass spectrometric analyses of biological macromolecules,chemistry
for their development of soft desorption ionisation methods for mass spectrometric analyses of biological macromolecules,chemistry
for having established laboratory experiments as a tool in empirical economic analysis especially in the study of alternative market mechanisms,economics
for pioneering contributions to astrophysics in particular for the detection of cosmic neutrinos,physics
for pioneering contributions to astrophysics in particular for the detection of cosmic neutrinos,physics
for their discoveries concerning genetic regulation of organ development and programmed cell death,medicine
for their discoveries concerning genetic regulation of organ development and programmed cell death,medicine
for their discoveries concerning genetic regulation of organ development and programmed cell death,medicine
for pioneering contributions to astrophysics which have led to the discovery of cosmic xray sources,physics
for her efforts for democracy and human rights she has focused especially on the struggle for the rights of women and children,peace
for methods of analyzing economic time series with common trends cointegration,economics
for methods of analyzing economic time series with timevarying volatility arch,economics
for structural and mechanistic studies of ion channels,chemistry
for the discovery of water channels,chemistry
for pioneering contributions to the theory of superconductors and superfluids,physics
for pioneering contributions to the theory of superconductors and superfluids,physics
for their discoveries concerning magnetic resonance imaging,medicine
for their discoveries concerning magnetic resonance imaging,medicine
who in innumerable guises portrays the surprising involvement of the outsider,literature
for pioneering contributions to the theory of superconductors and superfluids,physics
for their contributions to dynamic macroeconomics the time consistency of economic policy and the driving forces behind business cycles,economics
for the discovery of ubiquitinmediated protein degradation,chemistry
for their contributions to dynamic macroeconomics the time consistency of economic policy and the driving forces behind business cycles,economics
for her contribution to sustainable development democracy and peace,peace
for her musical flow of voices and countervoices in novels and plays that with extraordinary linguistic zeal reveal the absurdity of societys clicheacutes and their subjugating power,literature
for the discovery of ubiquitinmediated protein degradation,chemistry
for the discovery of asymptotic freedom in the theory of the strong interaction,physics
for the discovery of asymptotic freedom in the theory of the strong interaction,physics
for the discovery of asymptotic freedom in the theory of the strong interaction,physics
for their discoveries of odorant receptors and the organization of the olfactory system,medicine
for their discoveries of odorant receptors and the organization of the olfactory system,medicine
for the discovery of ubiquitinmediated protein degradation,chemistry
who in his plays uncovers the precipice under everyday prattle and forces entry into oppressions closed rooms,literature
for having enhanced our understanding of conflict and cooperation through gametheory analysis,economics
for their efforts to prevent nuclear energy from being used for military purposes and to ensure that nuclear energy for peaceful purposes is used in the safest possible way,peace
for their efforts to prevent nuclear energy from being used for military purposes and to ensure that nuclear energy for peaceful purposes is used in the safest possible way,peace
for the development of the metathesis method in organic synthesis,chemistry
for the development of the metathesis method in organic synthesis,chemistry
for having enhanced our understanding of conflict and cooperation through gametheory analysis,economics
for their contributions to the development of laserbased precision spectroscopy including the optical frequency comb technique,physics
for their contributions to the development of laserbased precision spectroscopy including the optical frequency comb technique,physics
for his contribution to the quantum theory of optical coherence,physics
for their discovery of the bacterium ihelicobacter pylorii and its role in gastritis and peptic ulcer disease,medicine
for their discovery of the bacterium ihelicobacter pylorii and its role in gastritis and peptic ulcer disease,medicine
for the development of the metathesis method in organic synthesis,chemistry
for their efforts to create economic and social development from below,peace
for their efforts to create economic and social development from below,peace
who in the quest for the melancholic soul of his native city has discovered new symbols for the clash and interlacing of cultures,literature
for his analysis of intertemporal tradeoffs in macroeconomic policy,economics
for his studies of the molecular basis of eukaryotic transcription,chemistry
for their discovery of the blackbody form and anisotropy of the cosmic microwave background radiation,physics
for their discovery of rna interference gene silencing by doublestranded rna,medicine
for their discovery of rna interference gene silencing by doublestranded rna,medicine
for their discovery of the blackbody form and anisotropy of the cosmic microwave background radiation,physics
for having laid the foundations of mechanism design theory,economics
for having laid the foundations of mechanism design theory,economics
for having laid the foundations of mechanism design theory,economics
for their efforts to build up and disseminate greater knowledge about manmade climate change and to lay the foundations for the measures that are needed to counteract such change,peace
for their efforts to build up and disseminate greater knowledge about manmade climate change and to lay the foundations for the measures that are needed to counteract such change,peace
for his studies of chemical processes on solid surfaces,chemistry
that epicist of the female experience who with scepticism fire and visionary power has subjected a divided civilisation to scrutiny,literature
for the discovery of giant magnetoresistance,physics
for their discoveries of principles for introducing specific gene modifications in mice by the use of embryonic stem cells,medicine
for their discoveries of principles for introducing specific gene modifications in mice by the use of embryonic stem cells,medicine
for their discoveries of principles for introducing specific gene modifications in mice by the use of embryonic stem cells,medicine
for the discovery of giant magnetoresistance,physics
for his important efforts on several continents and over more than three decades to resolve international conflicts,peace
author of new departures poetic adventure and sensual ecstasy explorer of a humanity beyond and below the reigning civilization,literature
for the discovery and development of the green fluorescent protein gfp,chemistry
for the discovery and development of the green fluorescent protein gfp,chemistry
for the discovery and development of the green fluorescent protein gfp,chemistry
for the discovery of the origin of the broken symmetry which predicts the existence of at least three families of quarks in nature,physics
for his analysis of trade patterns and location of economic activity,economics
for the discovery of the mechanism of spontaneous broken symmetry in subatomic physics,physics
for their discovery of human immunodeficiency virus,medicine
for their discovery of human immunodeficiency virus,medicine
for his discovery of human papilloma viruses causing cervical cancer,medicine
for the discovery of the origin of the broken symmetry which predicts the existence of at least three families of quarks in nature,physics
for his analysis of economic governance especially the boundaries of the firm,economics
for her analysis of economic governance especially the commons,economics
for his extraordinary efforts to strengthen international diplomacy and cooperation between peoples,peace
who with the concentration of poetry and the frankness of prose depicts the landscape of the dispossessed,literature
for studies of the structure and function of the ribosome,chemistry
for studies of the structure and function of the ribosome,chemistry
for studies of the structure and function of the ribosome,chemistry
for the invention of an imaging semiconductor circuit the ccd sensor,physics
for groundbreaking achievements concerning the transmission of light in fibers for optical communication,physics
for the discovery of how chromosomes are protected by telomeres and the enzyme telomerase,medicine
for the discovery of how chromosomes are protected by telomeres and the enzyme telomerase,medicine
for the discovery of how chromosomes are protected by telomeres and the enzyme telomerase,medicine
for the invention of an imaging semiconductor circuit the ccd sensor,physics
for their analysis of markets with search frictions,economics
for his cartography of structures of power and his trenchant images of the individuals resistance revolt and defeat,literature
for their analysis of markets with search frictions,economics
for his long and nonviolent struggle for fundamental human rights in china,peace
for palladiumcatalyzed cross couplings in organic synthesis,chemistry
for their analysis of markets with search frictions,economics
for palladiumcatalyzed cross couplings in organic synthesis,chemistry
for groundbreaking experiments regarding the twodimensional material graphene,physics
for groundbreaking experiments regarding the twodimensional material graphene,physics
for the development of in vitro fertilization,medicine
for palladiumcatalyzed cross couplings in organic synthesis,chemistry
for their empirical research on cause and effect in the macroeconomy,economics
for their nonviolent struggle for the safety of women and for womens rights to full participation in peacebuilding work,peace
for their nonviolent struggle for the safety of women and for womens rights to full participation in peacebuilding work,peace
for their nonviolent struggle for the safety of women and for womens rights to full participation in peacebuilding work,peace
because through his condensed translucent images he gives us fresh access to reality,literature
for the discovery of quasicrystals,chemistry
for their empirical research on cause and effect in the macroeconomy,economics
for the discovery of the accelerating expansion of the universe through observations of distant supernovae,physics
for the discovery of the accelerating expansion of the universe through observations of distant supernovae,physics
for his discovery of the dendritic cell and its role in adaptive immunity,medicine
for their discoveries concerning the activation of innate immunity,medicine
for their discoveries concerning the activation of innate immunity,medicine
for the discovery of the accelerating expansion of the universe through observations of distant supernovae,physics
for the theory of stable allocations and the practice of market design,economics
for the theory of stable allocations and the practice of market design,economics
for over six decades contributed to the advancement of peace and reconciliation democracy and human rights in europe,peace
who with hallucinatory realism merges folk tales history and the contemporary,literature
for studies of gproteincoupled receptors,chemistry
for studies of gproteincoupled receptors,chemistry
for groundbreaking experimental methods that enable measuring and manipulation of individual quantum systems,physics
for the discovery that mature cells can be reprogrammed to become pluripotent,medicine
for the discovery that mature cells can be reprogrammed to become pluripotent,medicine
for groundbreaking experimental methods that enable measuring and manipulation of individual quantum systems,physics
for their empirical analysis of asset prices,economics
for the development of multiscale models for complex chemical systems,chemistry
for their empirical analysis of asset prices,economics
for their empirical analysis of asset prices,economics
for its extensive efforts to eliminate chemical weapons,peace
master of the contemporary short story,literature
for the development of multiscale models for complex chemical systems,chemistry
for the development of multiscale models for complex chemical systems,chemistry
for the theoretical discovery of a mechanism that contributes to our understanding of the origin of mass of subatomic particles and which recently was confirmed through the discovery of the predicted fundamental particle by the atlas and cms experiments at cerns large hadron collider,physics
for the theoretical discovery of a mechanism that contributes to our understanding of the origin of mass of subatomic particles and which recently was confirmed through the discovery of the predicted fundamental particle by the atlas and cms experiments at cerns large hadron collider,physics
for their discoveries of machinery regulating vesicle traffic a major transport system in our cells,medicine
for their discoveries of machinery regulating vesicle traffic a major transport system in our cells,medicine
for their discoveries of machinery regulating vesicle traffic a major transport system in our cells,medicine
for his analysis of market power and regulation,economics
for their struggle against the suppression of children and young people and for the right of all children to education,peace
for the art of memory with which he has evoked the most ungraspable human destinies and uncovered the lifeworld of the occupation,literature
for the development of superresolved fluorescence microscopy,chemistry
for the development of superresolved fluorescence microscopy,chemistry
for the development of superresolved fluorescence microscopy,chemistry
for their struggle against the suppression of children and young people and for the right of all children to education,peace
for the invention of efficient blue lightemitting diodes which has enabled bright and energysaving white light sources,physics
for the invention of efficient blue lightemitting diodes which has enabled bright and energysaving white light sources,physics
for their discoveries of cells that constitute a positioning system in the brain,medicine
for their discoveries of cells that constitute a positioning system in the brain,medicine
for their discoveries of cells that constitute a positioning system in the brain,medicine
for the invention of efficient blue lightemitting diodes which has enabled bright and energysaving white light sources,physics
for his analysis of consumption poverty and welfare,economics
for its decisive contribution to the building of a pluralistic democracy in tunisia in the wake of the jasmine revolution of 2011,peace
for her polyphonic writings a monument to suffering and courage in our time,literature
for mechanistic studies of dna repair,chemistry
for mechanistic studies of dna repair,chemistry
for mechanistic studies of dna repair,chemistry
for the discovery of neutrino oscillations which shows that neutrinos have mass,physics
for her discoveries concerning a novel therapy against malaria,medicine
for their discoveries concerning a novel therapy against infections caused by roundworm parasites,medicine
for their discoveries concerning a novel therapy against infections caused by roundworm parasites,medicine
for the discovery of neutrino oscillations which shows that neutrinos have mass,physics
for their contributions to contract theory,economics
for the design and synthesis of molecular machines,chemistry
for their contributions to contract theory,economics
for his resolute efforts to bring the countrys more than 50yearlong civil war to an end,peace
for the design and synthesis of molecular machines,chemistry
for having created new poetic expressions within the great american song tradition,literature
for theoretical discoveries of topological phase transitions and topological phases of matter,physics
for theoretical discoveries of topological phase transitions and topological phases of matter,physics
for theoretical discoveries of topological phase transitions and topological phases of matter,physics
for his discoveries of mechanisms for autophagy,medicine
for the design and synthesis of molecular machines,chemistry
for its work to draw attention to the catastrophic humanitarian consequences of any use of nuclear weapons and for its groundbreaking efforts to achieve a treatybased prohibition of such weapons,peace
who in novels of great emotional force has uncovered the abyss beneath our illusory sense of connection with the world,literature
for developing cryoelectron microscopy for the highresolution structure determination of biomolecules in solution,chemistry
for developing cryoelectron microscopy for the highresolution structure determination of biomolecules in solution,chemistry
for developing cryoelectron microscopy for the highresolution structure determination of biomolecules in solution,chemistry
for decisive contributions to the ligo detector and the observation of gravitational waves,physics
for his contributions to behavioural economics,economics
for decisive contributions to the ligo detector and the observation of gravitational waves,physics
for their discoveries of molecular mechanisms controlling the circadian rhythm,medicine
for their discoveries of molecular mechanisms controlling the circadian rhythm,medicine
for their discoveries of molecular mechanisms controlling the circadian rhythm,medicine
for decisive contributions to the ligo detector and the observation of gravitational waves,physics
for a narrative imagination that with encyclopedic passion represents the crossing of boundaries as a form of life,literature
for integrating technological innovations into longrun macroeconomic analysis,economics
for integrating climate change into longrun macroeconomic analysis,economics
for their efforts to end the use of sexual violence as a weapon of war and armed conflict,peace
for their efforts to end the use of sexual violence as a weapon of war and armed conflict,peace
for the phage display of peptides and antibodies,chemistry
for the phage display of peptides and antibodies,chemistry
for the directed evolution of enzymes,chemistry
for their method of generating highintensity ultrashort optical pulses,physics
for the optical tweezers and their application to biological systems,physics
for their discovery of cancer therapy by inhibition of negative immune regulation,medicine
for their discovery of cancer therapy by inhibition of negative immune regulation,medicine
for their method of generating highintensity ultrashort optical pulses,physics
for the development of lithiumion batteries,chemistry
for their experimental approach to alleviating global poverty,economics
for their experimental approach to alleviating global poverty,economics
for an influential work that with linguistic ingenuity has explored the periphery and the specificity of human experience,literature
for their experimental approach to alleviating global poverty,economics
for the development of lithiumion batteries,chemistry
for his efforts to achieve peace and international cooperation and in particular for his decisive initiative to resolve the border conflict with neighbouring eritrea,peace
for the discovery of an exoplanet orbiting a solartype star,physics
for the discovery of an exoplanet orbiting a solartype star,physics
for theoretical discoveries in physical cosmology,physics
for their discoveries of how cells sense and adapt to oxygen availability,medicine
for their discoveries of how cells sense and adapt to oxygen availability,medicine
for their discoveries of how cells sense and adapt to oxygen availability,medicine
for the development of lithiumion batteries,chemistry
for improvements to auction theory and inventions of new auction formats,economics
for improvements to auction theory and inventions of new auction formats,economics
for its efforts to combat hunger for its contribution to bettering conditions for peace in conflictaffected areas and for acting as a driving force in efforts to prevent the use of hunger as a weapon of war and conflict,peace
for her unmistakable poetic voice that with austere beauty makes individual existence universal,literature
for the development of a method for genome editing,chemistry
for the development of a method for genome editing,chemistry
for the discovery of a supermassive compact object at the centre of our galaxy,physics
for the discovery that black hole formation is a robust prediction of the general theory of relativity,physics
for the discovery of hepatitis c virus,medicine
for the discovery of hepatitis c virus,medicine
for the discovery of hepatitis c virus,medicine
for the discovery of a supermassive compact object at the centre of our galaxy,physics
for his uncompromising and compassionate penetration of the effects of colonialism and the fate of the refugee in the gulf between cultures and continents,literature
for their methodological contributions to the analysis of causal relationships,economics
for his empirical contributions to labour economics,economics
for their efforts to safeguard freedom of expression which is a precondition for democracy and lasting peace,peace
for their methodological contributions to the analysis of causal relationships,economics
for their efforts to safeguard freedom of expression which is a precondition for democracy and lasting peace,peace
for the development of asymmetric organocatalysis,chemistry
for the physical modelling of earth’s climate quantifying variability and reliably predicting global warming,physics
for the discovery of the interplay of disorder and fluctuations in physical systems from atomic to planetary scales,physics
for the physical modelling of earth’s climate quantifying variability and reliably predicting global warming,physics
for their discoveries of receptors for temperature and touch,medicine
for their discoveries of receptors for temperature and touch,medicine
for the development of asymmetric organocatalysis,chemistry
for research on banks and financial crises,economics
the peace prize laureates represent civil society in their home countries they have for many years promoted the right to criticise power and protect the fundamental rights of citizens they have made an outstanding effort to document war crimes human right abuses and the abuse of power together they demonstrate the significance of civil society for peace and democracy,peace
the peace prize laureates represent civil society in their home countries they have for many years promoted the right to criticise power and protect the fundamental rights of citizens they have made an outstanding effort to document war crimes human right abuses and the abuse of power together they demonstrate the significance of civil society for peace and democracy,peace
the peace prize laureates represent civil society in their home countries they have for many years promoted the right to criticise power and protect the fundamental rights of citizens they have made an outstanding effort to document war crimes human right abuses and the abuse of power together they demonstrate the significance of civil society for peace and democracy,peace
for the courage and clinical acuity with which she uncovers the roots estrangements and collective restraints of personal memory,literature
for the development of click chemistry and bioorthogonal chemistry,chemistry
for experiments with entangled photons establishing the violation of bell inequalities and pioneering quantum information science,physics
for experiments with entangled photons establishing the violation of bell inequalities and pioneering quantum information science,physics
for experiments with entangled photons establishing the violation of bell inequalities and pioneering quantum information science,physics
for his discoveries concerning the genomes of extinct hominins and human evolution,medicine
for his work on chirally catalysed oxidation reactions,chemistry
for the development of click chemistry and bioorthogonal chemistry,chemistry
for research on banks and financial crises,economics
for the development of click chemistry and bioorthogonal chemistry,chemistry
for research on banks and financial crises,economics
